client_id	path	sentence_id	sentence	sentence_domain	up_votes	down_votes	age	gender	accents	variant	locale	segment
162c776ae835ffadd3c363c1c8c5306093510f8171e7284ab74b82a6030c21e5c299a839744746d78901d8504e4715aa737013a55fb48fbdeffefbbe50335a00	common_voice_vi_40891373.mp3	3a5c292cce3edfbf783bb251367128e98c00761a63390321e05b29f6debc93d5	sẽ tốt cho mình		0	0					vi	
162c776ae835ffadd3c363c1c8c5306093510f8171e7284ab74b82a6030c21e5c299a839744746d78901d8504e4715aa737013a55fb48fbdeffefbbe50335a00	common_voice_vi_40891374.mp3	30f853027335f371dde9837e9b1c3f0105e96fc402c3c75aa0426822e5449624	Nó cứ nhìn chằm chằm vào đó		0	0					vi	
162c776ae835ffadd3c363c1c8c5306093510f8171e7284ab74b82a6030c21e5c299a839744746d78901d8504e4715aa737013a55fb48fbdeffefbbe50335a00	common_voice_vi_40891375.mp3	11f5152546b8a834c6cf19ecc60f242ee1ad596095a82fa640ec3b2e6a757aa6	Phụ nữ mà uống nhiều cà phê là không có tốt cho da		0	0					vi	
162c776ae835ffadd3c363c1c8c5306093510f8171e7284ab74b82a6030c21e5c299a839744746d78901d8504e4715aa737013a55fb48fbdeffefbbe50335a00	common_voice_vi_40891376.mp3	275ebdc05077869ddf0a4cb8de24b60b69e59ac7c1bc772d2243e8d595bedfd7	Bảo rằng hoa dáng như tim vỡ		0	0					vi	
162c776ae835ffadd3c363c1c8c5306093510f8171e7284ab74b82a6030c21e5c299a839744746d78901d8504e4715aa737013a55fb48fbdeffefbbe50335a00	common_voice_vi_40891377.mp3	35092c29bf0c28362febf7fd56f2d78bd76ebf10b57e924906059cf04b94d732	Tốn rất nhiều công sức cũng như là tiền bạc đấy		0	0					vi	
162c776ae835ffadd3c363c1c8c5306093510f8171e7284ab74b82a6030c21e5c299a839744746d78901d8504e4715aa737013a55fb48fbdeffefbbe50335a00	common_voice_vi_40891378.mp3	1e8418a53ad7a4ac499d94892e247590ec2affd50334fd7204e27d2a030e4a89	lúc đi qua ngã ba		0	0					vi	
162c776ae835ffadd3c363c1c8c5306093510f8171e7284ab74b82a6030c21e5c299a839744746d78901d8504e4715aa737013a55fb48fbdeffefbbe50335a00	common_voice_vi_40891379.mp3	33f54e9a4122f68884cb6445ead1b34024b8346e4477928b0664d81a0a045389	Vài người nữa cũng đổ xô chạy đến		0	0					vi	
162c776ae835ffadd3c363c1c8c5306093510f8171e7284ab74b82a6030c21e5c299a839744746d78901d8504e4715aa737013a55fb48fbdeffefbbe50335a00	common_voice_vi_40891380.mp3	1d0617fca6ccff2b7de7c6f598153a1bc4bf605ec3054f6ba7f985d4a13811bd	Cũng hết thời gian cho kuman ăn		0	0					vi	
162c776ae835ffadd3c363c1c8c5306093510f8171e7284ab74b82a6030c21e5c299a839744746d78901d8504e4715aa737013a55fb48fbdeffefbbe50335a00	common_voice_vi_40891381.mp3	00af524e69e88731d358004bdd533fa4119c1c5310352f8c8b259a1e09625d78	Nếu một mình ông ta mà chống chọi với con cương thi này		0	0					vi	
162c776ae835ffadd3c363c1c8c5306093510f8171e7284ab74b82a6030c21e5c299a839744746d78901d8504e4715aa737013a55fb48fbdeffefbbe50335a00	common_voice_vi_40891382.mp3	00a09bebdfb843260fef1ef8126259c87d6285e0e565bd25fecdd315ef37d902	Trên đầu còn có một tấm bia		0	0					vi	
162c776ae835ffadd3c363c1c8c5306093510f8171e7284ab74b82a6030c21e5c299a839744746d78901d8504e4715aa737013a55fb48fbdeffefbbe50335a00	common_voice_vi_40891383.mp3	31e4f111b2293adc52fcdb73cfb8d55c9f80642dbca3fbc318ce97b620e97b53	Hội gì vậy		0	0					vi	
162c776ae835ffadd3c363c1c8c5306093510f8171e7284ab74b82a6030c21e5c299a839744746d78901d8504e4715aa737013a55fb48fbdeffefbbe50335a00	common_voice_vi_40891384.mp3	398890f0a668045d2ee5470c777cfdeb630d8870e017174c95de12ce7a4c1a1e	Từ trên bước xuống một người lớn tuổi		0	0					vi	
162c776ae835ffadd3c363c1c8c5306093510f8171e7284ab74b82a6030c21e5c299a839744746d78901d8504e4715aa737013a55fb48fbdeffefbbe50335a00	common_voice_vi_40891385.mp3	17d5c218dfa2954362a0dadeee5fe47d70feaa6a459c337f3a03e2f28ba56c99	Tôi muốn mùi thơm của nước hoa		0	0					vi	
162c776ae835ffadd3c363c1c8c5306093510f8171e7284ab74b82a6030c21e5c299a839744746d78901d8504e4715aa737013a55fb48fbdeffefbbe50335a00	common_voice_vi_40891386.mp3	0147915bcd1ae655b7bcfbc04b35f3880516d7b84323b7380fc981cdb7a8506b	Lại nghe được tiếng gọi		0	0					vi	
162c776ae835ffadd3c363c1c8c5306093510f8171e7284ab74b82a6030c21e5c299a839744746d78901d8504e4715aa737013a55fb48fbdeffefbbe50335a00	common_voice_vi_40891387.mp3	0209b01424b0b83ccfba70374daee98e0b782931cc91207a3916c68c7ad480db	Sau khi chú long khấn vái gì đó để gọi hồn về		0	0					vi	
162c776ae835ffadd3c363c1c8c5306093510f8171e7284ab74b82a6030c21e5c299a839744746d78901d8504e4715aa737013a55fb48fbdeffefbbe50335a00	common_voice_vi_40891388.mp3	13c7d45e91ab6db45e72a7b41fd1a63e263539922be32f8da94ca4c2f40ad0a2	Nó bắt hồn anh chàng ấy định biến anh ta thành một cặp đôi		0	0					vi	
162c776ae835ffadd3c363c1c8c5306093510f8171e7284ab74b82a6030c21e5c299a839744746d78901d8504e4715aa737013a55fb48fbdeffefbbe50335a00	common_voice_vi_40891389.mp3	fb3b01dc1a803296e637a13905866f00b986b26a58f5b5d1d65ac5584ae49036	cho nên hiện tượng này cũng không có gì lạ		0	0					vi	
162c776ae835ffadd3c363c1c8c5306093510f8171e7284ab74b82a6030c21e5c299a839744746d78901d8504e4715aa737013a55fb48fbdeffefbbe50335a00	common_voice_vi_40891390.mp3	9a73e1958516d1a98452d54646636c1fc1b4fc6504ea201d29026fd61b3f04a0	Mùa xuân nở giữa môi người ngọt ngây		0	0					vi	
162c776ae835ffadd3c363c1c8c5306093510f8171e7284ab74b82a6030c21e5c299a839744746d78901d8504e4715aa737013a55fb48fbdeffefbbe50335a00	common_voice_vi_40891391.mp3	214ae1c936258fd8a1942aceb307a5117a59cc88c75bf73f8be48c54f552b669	Tôi thực sự lo lắng về con thanh		0	0					vi	
162c776ae835ffadd3c363c1c8c5306093510f8171e7284ab74b82a6030c21e5c299a839744746d78901d8504e4715aa737013a55fb48fbdeffefbbe50335a00	common_voice_vi_40891392.mp3	3354cc278015b39b2e97e7b1a872cb3b7a567557b306824ed0ea45eb3d64c5f4	kẻ ngu ngốc		0	0					vi	
162c776ae835ffadd3c363c1c8c5306093510f8171e7284ab74b82a6030c21e5c299a839744746d78901d8504e4715aa737013a55fb48fbdeffefbbe50335a00	common_voice_vi_40891393.mp3	368ba843a5b62743071bb8a4b516f7ed9ebe93c6f73df9ddb2513b0801d0a9ba	Sự thật mất lòng		0	0					vi	
162c776ae835ffadd3c363c1c8c5306093510f8171e7284ab74b82a6030c21e5c299a839744746d78901d8504e4715aa737013a55fb48fbdeffefbbe50335a00	common_voice_vi_40891394.mp3	291f45ca95ac22052b79845a06b216b28d802af37cb28a21d09655ada31aae7f	Em hỏi mẹ là có chuyện gì		0	0					vi	
162c776ae835ffadd3c363c1c8c5306093510f8171e7284ab74b82a6030c21e5c299a839744746d78901d8504e4715aa737013a55fb48fbdeffefbbe50335a00	common_voice_vi_40891395.mp3	32cf383fdabfd6ae3f5d7dbcfac510fb6aa5c78dccb2523373c20fea2c66c941	Thời kỳ ở Thái Lan		0	0					vi	
162c776ae835ffadd3c363c1c8c5306093510f8171e7284ab74b82a6030c21e5c299a839744746d78901d8504e4715aa737013a55fb48fbdeffefbbe50335a00	common_voice_vi_40891396.mp3	36119952a7c42829e4ce089d023e43dbb6293fd6a857b95ab10cfa5d63c4f154	Em nói lại chắc chắn		0	0					vi	
162c776ae835ffadd3c363c1c8c5306093510f8171e7284ab74b82a6030c21e5c299a839744746d78901d8504e4715aa737013a55fb48fbdeffefbbe50335a00	common_voice_vi_40891397.mp3	28a9edba451e6f5d77531904cced98888855d2436eb3626ff746b088b6e1b926	đám ma bọn tôi đến mà không thấy Trinh đâu cả		0	0					vi	
162c776ae835ffadd3c363c1c8c5306093510f8171e7284ab74b82a6030c21e5c299a839744746d78901d8504e4715aa737013a55fb48fbdeffefbbe50335a00	common_voice_vi_40891398.mp3	3682829bb9e7e7aad06234735125d702cfa3a48ac35e7047a6a5b81d2e68e2f0	Sao lại sợ như thế		0	0					vi	
162c776ae835ffadd3c363c1c8c5306093510f8171e7284ab74b82a6030c21e5c299a839744746d78901d8504e4715aa737013a55fb48fbdeffefbbe50335a00	common_voice_vi_40891399.mp3	166d8296f193f2fd5bb41635314d02df854225da36ef43125d40c5682e04f409	Không biết gốc tích tên tuổi là gì cả		0	0					vi	
162c776ae835ffadd3c363c1c8c5306093510f8171e7284ab74b82a6030c21e5c299a839744746d78901d8504e4715aa737013a55fb48fbdeffefbbe50335a00	common_voice_vi_40891400.mp3	368177e7bb40b4298925172b3ca2717f1e71e1bcda083e9aafa0f17f755408a0	hạ liền trả lời		0	0					vi	
162c776ae835ffadd3c363c1c8c5306093510f8171e7284ab74b82a6030c21e5c299a839744746d78901d8504e4715aa737013a55fb48fbdeffefbbe50335a00	common_voice_vi_40891401.mp3	2d753908bb872b334a1895857c39c1d70452efe4500f9f7f0ad193ba5280d7ab	Nỗi trống trải se thắt hồn thiếu phụ		0	0					vi	
162c776ae835ffadd3c363c1c8c5306093510f8171e7284ab74b82a6030c21e5c299a839744746d78901d8504e4715aa737013a55fb48fbdeffefbbe50335a00	common_voice_vi_40891402.mp3	2c8dfeba171d67bc2ffa78a9daacdeb23a09732ee62b8df50e0f28bc079ac89d	Gọi xe cấp cứu đi người này vẫn còn sống này		0	0					vi	
162c776ae835ffadd3c363c1c8c5306093510f8171e7284ab74b82a6030c21e5c299a839744746d78901d8504e4715aa737013a55fb48fbdeffefbbe50335a00	common_voice_vi_40891413.mp3	217074b4bbb7ab14165e5b3d50444e5543760370c780e788191d64c3b27e93a0	bà chậm rãi nói		0	0	twenties	female_feminine			vi	
162c776ae835ffadd3c363c1c8c5306093510f8171e7284ab74b82a6030c21e5c299a839744746d78901d8504e4715aa737013a55fb48fbdeffefbbe50335a00	common_voice_vi_40891414.mp3	0195b5c85994cb7802453c9d917a543a6f9713cb417a93e0d4c74cf614d2940a	hihi		0	0	twenties	female_feminine			vi	
162c776ae835ffadd3c363c1c8c5306093510f8171e7284ab74b82a6030c21e5c299a839744746d78901d8504e4715aa737013a55fb48fbdeffefbbe50335a00	common_voice_vi_40891415.mp3	249e22ba937ed1290d247cfee962cf99289baf66056efb4011be7ed675ce903f	Một ngôi nhà mới với đầy đủ tiện nghi		0	0	twenties	female_feminine			vi	
162c776ae835ffadd3c363c1c8c5306093510f8171e7284ab74b82a6030c21e5c299a839744746d78901d8504e4715aa737013a55fb48fbdeffefbbe50335a00	common_voice_vi_40891416.mp3	1b718d42def85e7cb9d89af083c0f37073b90498fd684e31a5c2ff7fd4df26cc	Tiếng tút dài còn khắc khoải người xa		0	0	twenties	female_feminine			vi	
162c776ae835ffadd3c363c1c8c5306093510f8171e7284ab74b82a6030c21e5c299a839744746d78901d8504e4715aa737013a55fb48fbdeffefbbe50335a00	common_voice_vi_40891417.mp3	2858a5da140a6e4f070aac22e7af91571b509044bccf6583625f03b44534bfc5	Xin mời quý vị các bạn cùng lắng nghe		0	0	twenties	female_feminine			vi	
162c776ae835ffadd3c363c1c8c5306093510f8171e7284ab74b82a6030c21e5c299a839744746d78901d8504e4715aa737013a55fb48fbdeffefbbe50335a00	common_voice_vi_40891418.mp3	2c5763b56459e8aec59dd5b750e4efe92f4cdf867216ceeb4bb460908b091526	Mấy cái chuyện tâm linh này khó nói lắm		0	0	twenties	female_feminine			vi	
162c776ae835ffadd3c363c1c8c5306093510f8171e7284ab74b82a6030c21e5c299a839744746d78901d8504e4715aa737013a55fb48fbdeffefbbe50335a00	common_voice_vi_40891419.mp3	30d594a4b6c89bae11bcb5a3a5589999b4977566e9c84ee6f5536e341b43dc11	Ôi! Đâu hỡi? Những chiều xưa nắng đổ		1	0	twenties	female_feminine			vi	
162c776ae835ffadd3c363c1c8c5306093510f8171e7284ab74b82a6030c21e5c299a839744746d78901d8504e4715aa737013a55fb48fbdeffefbbe50335a00	common_voice_vi_40891420.mp3	0068840a029dcde03c5430cf7cc14e126c8ac3772c95bc814c61e2735a5d6e57	Mai sẽ là một ngày thật đặc biệt		0	0	twenties	female_feminine			vi	
162c776ae835ffadd3c363c1c8c5306093510f8171e7284ab74b82a6030c21e5c299a839744746d78901d8504e4715aa737013a55fb48fbdeffefbbe50335a00	common_voice_vi_40891421.mp3	3ca1dd771c42a8f77022865a63e8b7c2897a994d9e37e582976281c2c06442b5	Xa thơm gần thối		0	0	twenties	female_feminine			vi	
162c776ae835ffadd3c363c1c8c5306093510f8171e7284ab74b82a6030c21e5c299a839744746d78901d8504e4715aa737013a55fb48fbdeffefbbe50335a00	common_voice_vi_40891422.mp3	0175bfa4fc48399c445aab060fbf6d29387d90cca7e424c265e0a3879cd3cc24	bò mĩ nướng tiêu		0	0	twenties	female_feminine			vi	
162c776ae835ffadd3c363c1c8c5306093510f8171e7284ab74b82a6030c21e5c299a839744746d78901d8504e4715aa737013a55fb48fbdeffefbbe50335a00	common_voice_vi_40891428.mp3	2f28b308e9726cb142d1f61092ed1cb74f6fa396d644a955f2106bc4c98d490e	Mẹ vẫn bên mình		0	0	twenties	female_feminine			vi	
162c776ae835ffadd3c363c1c8c5306093510f8171e7284ab74b82a6030c21e5c299a839744746d78901d8504e4715aa737013a55fb48fbdeffefbbe50335a00	common_voice_vi_40891429.mp3	27db95d9b9f6d916e14a1f87f1597c179047fc9d902cb2b266b70e1e8b5277ba	Đêm khuya sương xuống		0	0	twenties	female_feminine			vi	
162c776ae835ffadd3c363c1c8c5306093510f8171e7284ab74b82a6030c21e5c299a839744746d78901d8504e4715aa737013a55fb48fbdeffefbbe50335a00	common_voice_vi_40891430.mp3	2c9ba4e152848a947d8f3ebe1195c5ea60c5a83c0a5df6ca0285377bc3900a70	Mấy người thì đang nấu ăn gọi chúng tôi vào thưởng thức		0	0	twenties	female_feminine			vi	
162c776ae835ffadd3c363c1c8c5306093510f8171e7284ab74b82a6030c21e5c299a839744746d78901d8504e4715aa737013a55fb48fbdeffefbbe50335a00	common_voice_vi_40891431.mp3	39b8c744cfa6f4908825e5f1e8067dcac21fdfeaf63cae3df197eedbf7cb5918	Gần đó cũng có rất nhiều shop kinh doanh quần áo		0	0	twenties	female_feminine			vi	
162c776ae835ffadd3c363c1c8c5306093510f8171e7284ab74b82a6030c21e5c299a839744746d78901d8504e4715aa737013a55fb48fbdeffefbbe50335a00	common_voice_vi_40891432.mp3	3b5eca59c1e18d8262cf217017180d69f82a9be028bc15f34b37166a94f5a07a	Cảm ơn em đã luôn động viên anh lúc yếu đuối		0	0	twenties	female_feminine			vi	
162c776ae835ffadd3c363c1c8c5306093510f8171e7284ab74b82a6030c21e5c299a839744746d78901d8504e4715aa737013a55fb48fbdeffefbbe50335a00	common_voice_vi_40891433.mp3	0a379adb8b2b6696cbfddd739e4c132ed7a664f0cd4ed193de6f951874b8aff8	Hoạt động ở nước ngoài		0	0	twenties	female_feminine			vi	
162c776ae835ffadd3c363c1c8c5306093510f8171e7284ab74b82a6030c21e5c299a839744746d78901d8504e4715aa737013a55fb48fbdeffefbbe50335a00	common_voice_vi_40891434.mp3	38ea09dd1efa045923c911b488dbfce36c3e62fb4971e55c86cec940bc8cd44e	bố thảo liền hỏi		0	0	twenties	female_feminine			vi	
162c776ae835ffadd3c363c1c8c5306093510f8171e7284ab74b82a6030c21e5c299a839744746d78901d8504e4715aa737013a55fb48fbdeffefbbe50335a00	common_voice_vi_40891435.mp3	3535adb532682973ec0812b1fd6a13853076101da68e81364a37af6edfd41c6d	Mà mình trả lời		0	0	twenties	female_feminine			vi	
162c776ae835ffadd3c363c1c8c5306093510f8171e7284ab74b82a6030c21e5c299a839744746d78901d8504e4715aa737013a55fb48fbdeffefbbe50335a00	common_voice_vi_40891436.mp3	346fffca40ac8ca34cb0fa1a3b192f2ae1b2d4a93d6e1ccd07509ff38c921548	Đông đã về tháng mười một liêu xiêu...!		0	0	twenties	female_feminine			vi	
162c776ae835ffadd3c363c1c8c5306093510f8171e7284ab74b82a6030c21e5c299a839744746d78901d8504e4715aa737013a55fb48fbdeffefbbe50335a00	common_voice_vi_40891437.mp3	3af4bd4ca313049efcdf3db22a1b25f10d551bd43e17252d365da45100fc53fa	Bài thơ đầu tiên anh viết tặng em		0	0	twenties	female_feminine			vi	
162c776ae835ffadd3c363c1c8c5306093510f8171e7284ab74b82a6030c21e5c299a839744746d78901d8504e4715aa737013a55fb48fbdeffefbbe50335a00	common_voice_vi_40891438.mp3	214f2af478bd6e2f285658ebf7e0b7ebb8258f533c90782c7f92e3b0d173c02b	Nhưng đó chưa phải là tất cả		0	0	twenties	female_feminine			vi	
162c776ae835ffadd3c363c1c8c5306093510f8171e7284ab74b82a6030c21e5c299a839744746d78901d8504e4715aa737013a55fb48fbdeffefbbe50335a00	common_voice_vi_40891439.mp3	36808052f7d490e48e99909ef5fc975331a5f2281d9e6856c598998bce1e4e50	mà khi đã bị bắt đi rồi thì không thể trở về		0	0	twenties	female_feminine			vi	
162c776ae835ffadd3c363c1c8c5306093510f8171e7284ab74b82a6030c21e5c299a839744746d78901d8504e4715aa737013a55fb48fbdeffefbbe50335a00	common_voice_vi_40891440.mp3	3704f93776b9352f92edaaac0db608e8e62a1219e2aea4452d0f844999da4992	Vẫn chưa thấy được		0	0	twenties	female_feminine			vi	
162c776ae835ffadd3c363c1c8c5306093510f8171e7284ab74b82a6030c21e5c299a839744746d78901d8504e4715aa737013a55fb48fbdeffefbbe50335a00	common_voice_vi_40891443.mp3	0c9e52897fe11763b94232c1a93f6dc03f0880ebc1db6e4647bd2a1dd4684eb1	Anh cho tôi ra ngoài chợ tôi sẽ xuống ở đó		0	0	twenties	female_feminine			vi	
162c776ae835ffadd3c363c1c8c5306093510f8171e7284ab74b82a6030c21e5c299a839744746d78901d8504e4715aa737013a55fb48fbdeffefbbe50335a00	common_voice_vi_40891444.mp3	f692e0db9c82ff2121b3dbd2215366654275850bdbb76db1b4a0dbe954c5a441	Ngồi nghe thấy cao tăng đó nói chuyện một hồi lâu		0	0	twenties	female_feminine			vi	
162c776ae835ffadd3c363c1c8c5306093510f8171e7284ab74b82a6030c21e5c299a839744746d78901d8504e4715aa737013a55fb48fbdeffefbbe50335a00	common_voice_vi_40891446.mp3	2cb334c884b42fde9bd9ac326222909537762ffa9e862f9df55031b1bd61616b	Có một bận em ngồi xa anh quá		0	0	twenties	female_feminine			vi	
162c776ae835ffadd3c363c1c8c5306093510f8171e7284ab74b82a6030c21e5c299a839744746d78901d8504e4715aa737013a55fb48fbdeffefbbe50335a00	common_voice_vi_40891447.mp3	2594b2db5f0524cd57ce46c37524e595703a1c251f20d7dd48519321cfc5a5a2	Tác phẩm		1	0	twenties	female_feminine			vi	
162c776ae835ffadd3c363c1c8c5306093510f8171e7284ab74b82a6030c21e5c299a839744746d78901d8504e4715aa737013a55fb48fbdeffefbbe50335a00	common_voice_vi_40891448.mp3	e53fd85f71645c9ee3ab5e42b580326fec98cd766d419ffae2e672701478d94c	Mà tim tôi đã tơi bời đó em.		0	0	twenties	female_feminine			vi	
162c776ae835ffadd3c363c1c8c5306093510f8171e7284ab74b82a6030c21e5c299a839744746d78901d8504e4715aa737013a55fb48fbdeffefbbe50335a00	common_voice_vi_40891456.mp3	22792a8325cb75e10aaeab22cc12971d3d04e7fa484831e0eb111d79d9b46b6f	Cho hạnh phúc thêm ngập tràn sôi động		0	0	twenties	female_feminine			vi	
162c776ae835ffadd3c363c1c8c5306093510f8171e7284ab74b82a6030c21e5c299a839744746d78901d8504e4715aa737013a55fb48fbdeffefbbe50335a00	common_voice_vi_40891457.mp3	1895c266b91a717db4cc2162d63a2b605fb725da97b9b1d7b41f49b58cec9a7a	Không phải		0	0	twenties	female_feminine			vi	
162c776ae835ffadd3c363c1c8c5306093510f8171e7284ab74b82a6030c21e5c299a839744746d78901d8504e4715aa737013a55fb48fbdeffefbbe50335a00	common_voice_vi_40891458.mp3	2f3da10513e385aa38efdcc35b7ac05e7520bc7c60ae8c7d85722ac5409f1161	cản ơn đã giúp tôi		0	0	twenties	female_feminine			vi	
162c776ae835ffadd3c363c1c8c5306093510f8171e7284ab74b82a6030c21e5c299a839744746d78901d8504e4715aa737013a55fb48fbdeffefbbe50335a00	common_voice_vi_40891459.mp3	017d05e7fe0cb22786c7a33a8dd7a974c6ccda8aedeac251f620b6c3f09d2899	Lời yêu thương...thật dịu dàng ấm êm.		0	0	twenties	female_feminine			vi	
162c776ae835ffadd3c363c1c8c5306093510f8171e7284ab74b82a6030c21e5c299a839744746d78901d8504e4715aa737013a55fb48fbdeffefbbe50335a00	common_voice_vi_40891460.mp3	3d03d20f65516427386b1193af0049f4fbdf3190caa24503ed12db4030f578b8	Xong xuôi cũng đã quá trưa		0	0	twenties	female_feminine			vi	
162c776ae835ffadd3c363c1c8c5306093510f8171e7284ab74b82a6030c21e5c299a839744746d78901d8504e4715aa737013a55fb48fbdeffefbbe50335a00	common_voice_vi_40891461.mp3	f408936e9636d542890b1bad2e15b46f1506c3c9e74f004b8dcd56267ffc020a	Đúng là bà ấy		1	0	twenties	female_feminine			vi	
162c776ae835ffadd3c363c1c8c5306093510f8171e7284ab74b82a6030c21e5c299a839744746d78901d8504e4715aa737013a55fb48fbdeffefbbe50335a00	common_voice_vi_40891462.mp3	1e4b53c04626ce3384708ab72826f80c69ee389828c9990271651a08c20747ae	Anh đón chờ tháng mười một vừa trao		0	0	twenties	female_feminine			vi	
162c776ae835ffadd3c363c1c8c5306093510f8171e7284ab74b82a6030c21e5c299a839744746d78901d8504e4715aa737013a55fb48fbdeffefbbe50335a00	common_voice_vi_40891463.mp3	2cf55c27c2928ef7f598a685013dbc415fb3e20d63e910185334f3fe3132a185	Đến bố mẹ còn chẳng nhận ra cháu ạ		0	0	twenties	female_feminine			vi	
162c776ae835ffadd3c363c1c8c5306093510f8171e7284ab74b82a6030c21e5c299a839744746d78901d8504e4715aa737013a55fb48fbdeffefbbe50335a00	common_voice_vi_40891464.mp3	6cadb567dd0a71d5e7db52e0e06c1f03a42e5b6d61cbe54772a410e190ce30f2	Xin chào nhau nhé tháng mười		0	0	twenties	female_feminine			vi	
162c776ae835ffadd3c363c1c8c5306093510f8171e7284ab74b82a6030c21e5c299a839744746d78901d8504e4715aa737013a55fb48fbdeffefbbe50335a00	common_voice_vi_40891465.mp3	2ad5fd2d62a3f00ea0e336d7c99ac2572bd11af57879508c2493c674ff8d1e18	Tôi gần đây có thích một người đàn ông		0	0	twenties	female_feminine			vi	
162c776ae835ffadd3c363c1c8c5306093510f8171e7284ab74b82a6030c21e5c299a839744746d78901d8504e4715aa737013a55fb48fbdeffefbbe50335a00	common_voice_vi_40891466.mp3	36a6e5614082ddb23443fe94e78e81b4a2664e6307e0cfba40bd179f62aa0a8d	Hất bà ấy văng xuống vực sâu rồi bỏ chạy luôn		0	0	twenties	female_feminine			vi	
162c776ae835ffadd3c363c1c8c5306093510f8171e7284ab74b82a6030c21e5c299a839744746d78901d8504e4715aa737013a55fb48fbdeffefbbe50335a00	common_voice_vi_40891467.mp3	14ec8140426842a15e16bccc2d7eed47220ff417e90880815d1a109ece78736c	Nghiêng bên nào cũng nhớ quá Thu ơi!		0	0	twenties	female_feminine			vi	
162c776ae835ffadd3c363c1c8c5306093510f8171e7284ab74b82a6030c21e5c299a839744746d78901d8504e4715aa737013a55fb48fbdeffefbbe50335a00	common_voice_vi_40891468.mp3	177771f55aa2bde0c9f70b7fa40ef4deb965d18ec2d74a5de0c4b506dfcfb6a0	Bờ vai em nhỏ		0	0	twenties	female_feminine			vi	
162c776ae835ffadd3c363c1c8c5306093510f8171e7284ab74b82a6030c21e5c299a839744746d78901d8504e4715aa737013a55fb48fbdeffefbbe50335a00	common_voice_vi_40891469.mp3	28aed443e1c19832d11da891695d2111bb83e5ac2fca919bc7b52c74fed939b0	Trải qua những ngày đi bộ leo hết chỗ này đến chỗ khác		0	0	twenties	female_feminine			vi	
162c776ae835ffadd3c363c1c8c5306093510f8171e7284ab74b82a6030c21e5c299a839744746d78901d8504e4715aa737013a55fb48fbdeffefbbe50335a00	common_voice_vi_40891470.mp3	27bf99a55dfb29a62d828d58d393387520622e8738d2ffa2099833c931a69ac3	Sưởi ấm lòng con		0	0	twenties	female_feminine			vi	
162c776ae835ffadd3c363c1c8c5306093510f8171e7284ab74b82a6030c21e5c299a839744746d78901d8504e4715aa737013a55fb48fbdeffefbbe50335a00	common_voice_vi_40891476.mp3	38d4e7ce4b60041d97ec326b4f87539d053d2ba5a765898706142412a4dae674	chúng ta vẫn còn trẻ		0	0	twenties	female_feminine			vi	
162c776ae835ffadd3c363c1c8c5306093510f8171e7284ab74b82a6030c21e5c299a839744746d78901d8504e4715aa737013a55fb48fbdeffefbbe50335a00	common_voice_vi_40891477.mp3	2c3c64d3ba3049cb8f8a4802e3fbc982a025630cc818f92150c17ab9ea9f1015	Đám kia thì về nhả tiếp khách		0	0	twenties	female_feminine			vi	
162c776ae835ffadd3c363c1c8c5306093510f8171e7284ab74b82a6030c21e5c299a839744746d78901d8504e4715aa737013a55fb48fbdeffefbbe50335a00	common_voice_vi_40891478.mp3	1ed058039d800f989cf5286d19f25092be93413ec51b4ea7aadddc34cef69258	cũng vừa mới ngồi thôi, nước còn chưa uống hết một nửa đây này		0	0	twenties	female_feminine			vi	
162c776ae835ffadd3c363c1c8c5306093510f8171e7284ab74b82a6030c21e5c299a839744746d78901d8504e4715aa737013a55fb48fbdeffefbbe50335a00	common_voice_vi_40891479.mp3	26ff87a7780871f69abf879c95af0ac69909fa7f02bf58f99627d907dcf9a5f8	Đó là một hành động vô thức		0	0	twenties	female_feminine			vi	
162c776ae835ffadd3c363c1c8c5306093510f8171e7284ab74b82a6030c21e5c299a839744746d78901d8504e4715aa737013a55fb48fbdeffefbbe50335a00	common_voice_vi_40891480.mp3	25eca05a9414a7ee2e5317061cf562641172d61b1dcb723628f0af95b407ece7	Mà Nhi lại là bạn thân thiết của em		0	0	twenties	female_feminine			vi	
162c776ae835ffadd3c363c1c8c5306093510f8171e7284ab74b82a6030c21e5c299a839744746d78901d8504e4715aa737013a55fb48fbdeffefbbe50335a00	common_voice_vi_40891481.mp3	3d1726c107176be93f7fdab9bb852af39bbbd294d4866cd8d2fe26f74a4a0405	cô ấy thật là tuyệt vời		0	0	twenties	female_feminine			vi	
162c776ae835ffadd3c363c1c8c5306093510f8171e7284ab74b82a6030c21e5c299a839744746d78901d8504e4715aa737013a55fb48fbdeffefbbe50335a00	common_voice_vi_40891482.mp3	36bafc639499218043c210823a37f69a26b2466ddddbcabee21f410448873e2e	Khi con có mẹ		0	0	twenties	female_feminine			vi	
162c776ae835ffadd3c363c1c8c5306093510f8171e7284ab74b82a6030c21e5c299a839744746d78901d8504e4715aa737013a55fb48fbdeffefbbe50335a00	common_voice_vi_40891488.mp3	00c36dfd24860c028772376e9f8bbfb9b344bc411799ecd18a9a55b91dd81214	Sớm hôm tần tảo cấy cày đồng sâu		0	0	twenties	female_feminine			vi	
162c776ae835ffadd3c363c1c8c5306093510f8171e7284ab74b82a6030c21e5c299a839744746d78901d8504e4715aa737013a55fb48fbdeffefbbe50335a00	common_voice_vi_40891489.mp3	32b81771feb00d4b328c1b7322e149f14bc856e016b2adb55f2f52d8b2ca5b15	Tháng mười đã đến rồi ư		0	0	twenties	female_feminine			vi	
162c776ae835ffadd3c363c1c8c5306093510f8171e7284ab74b82a6030c21e5c299a839744746d78901d8504e4715aa737013a55fb48fbdeffefbbe50335a00	common_voice_vi_40891490.mp3	256711e22b289ddc858802e12d2229a1023a610b38f78638570528e5d77e7032	Xem thêm		0	0	twenties	female_feminine			vi	
162c776ae835ffadd3c363c1c8c5306093510f8171e7284ab74b82a6030c21e5c299a839744746d78901d8504e4715aa737013a55fb48fbdeffefbbe50335a00	common_voice_vi_40891491.mp3	3abf3d1426e533edcb95f646671c356e136dff03a15a9cddf0b659df6e03b7ed	cả xe lẫn người đều bị rắt lại trong gầm		0	0	twenties	female_feminine			vi	
162c776ae835ffadd3c363c1c8c5306093510f8171e7284ab74b82a6030c21e5c299a839744746d78901d8504e4715aa737013a55fb48fbdeffefbbe50335a00	common_voice_vi_40891492.mp3	00b1416dc06dd3e77d51ec3640f731de44947ecd457b9641732fa0b9ba02d0db	hút hết một điếu thuốc		0	0	twenties	female_feminine			vi	
162c776ae835ffadd3c363c1c8c5306093510f8171e7284ab74b82a6030c21e5c299a839744746d78901d8504e4715aa737013a55fb48fbdeffefbbe50335a00	common_voice_vi_40891493.mp3	3ab754baa427faff655e7e0771123133125b58f892e1c28cab57c97ec7352f72	Chỉ mở mắt ra nằm yên trong đó		0	0	twenties	female_feminine			vi	
162c776ae835ffadd3c363c1c8c5306093510f8171e7284ab74b82a6030c21e5c299a839744746d78901d8504e4715aa737013a55fb48fbdeffefbbe50335a00	common_voice_vi_40891494.mp3	3ac4c64db0afce17ba2c31b7367964aefaecb69681d62f29c818d5ea980f3184	vậy mà mày nói tao như là thứ đĩ điếm		0	0	twenties	female_feminine			vi	
162c776ae835ffadd3c363c1c8c5306093510f8171e7284ab74b82a6030c21e5c299a839744746d78901d8504e4715aa737013a55fb48fbdeffefbbe50335a00	common_voice_vi_40891495.mp3	36b63a18e69960d63f11974f30a3c8b0d873ba93c9d2c529d371837fc5418970	Nó nghĩ mình đang nằm mơ rồi chìm lại vào trong giấc ngủ		0	0	twenties	female_feminine			vi	
162c776ae835ffadd3c363c1c8c5306093510f8171e7284ab74b82a6030c21e5c299a839744746d78901d8504e4715aa737013a55fb48fbdeffefbbe50335a00	common_voice_vi_40891496.mp3	2f4f6ec3846dd0f6bf2e1b4a250e54c0350a2fd9d803f7f8a89e82048a5d4736	Mang theo cả những bài thơ dang dở		0	0	twenties	female_feminine			vi	
162c776ae835ffadd3c363c1c8c5306093510f8171e7284ab74b82a6030c21e5c299a839744746d78901d8504e4715aa737013a55fb48fbdeffefbbe50335a00	common_voice_vi_40891497.mp3	3b97af24a075ba79ee407d8fcdc7a9664857f2b0c168e0c3df25f0efa5f8d343	Hãy khắng khít những cặp môi gắn chặt		0	0	twenties	female_feminine			vi	
162c776ae835ffadd3c363c1c8c5306093510f8171e7284ab74b82a6030c21e5c299a839744746d78901d8504e4715aa737013a55fb48fbdeffefbbe50335a00	common_voice_vi_40891503.mp3	3935b029bdafbf037238b1c586a2b1d8b330990e2a20ea6c7003b9d83d87f1c7	Tiếc quá Bây giờ tao lại có cái hẹn rồi Chắc là phải đi		0	0	twenties	female_feminine			vi	
162c776ae835ffadd3c363c1c8c5306093510f8171e7284ab74b82a6030c21e5c299a839744746d78901d8504e4715aa737013a55fb48fbdeffefbbe50335a00	common_voice_vi_40891504.mp3	303be10fd83e17d6fc8d2325f1b34c2132cd9a79324e3afe5e0308831fb4f010	Hình như hiểu ý của mình anh ta nhẹ giọng		0	0	twenties	female_feminine			vi	
162c776ae835ffadd3c363c1c8c5306093510f8171e7284ab74b82a6030c21e5c299a839744746d78901d8504e4715aa737013a55fb48fbdeffefbbe50335a00	common_voice_vi_40891505.mp3	3be07dc5b04389c8ccc24b4656d1cdef3eac286c5a5069a1e78c93e69c6e7abf	Cô vừa bảo là có con nhỏ bạn thân bị chết thảm đó sao		0	0	twenties	female_feminine			vi	
162c776ae835ffadd3c363c1c8c5306093510f8171e7284ab74b82a6030c21e5c299a839744746d78901d8504e4715aa737013a55fb48fbdeffefbbe50335a00	common_voice_vi_40891506.mp3	089d9a2d79c06d9aea02dcf446eaf5015e6674e86d2f50a540674846271a4675	mẹ liền nói với em		0	0	twenties	female_feminine			vi	
162c776ae835ffadd3c363c1c8c5306093510f8171e7284ab74b82a6030c21e5c299a839744746d78901d8504e4715aa737013a55fb48fbdeffefbbe50335a00	common_voice_vi_40891507.mp3	332d9104e5b1faff4149d79e2fa1aedb7d419305be94798bb34fae2ce89caea6	Trời ơi con gái của tôi, sao con lại khổ như vậy chứ		0	0	twenties	female_feminine			vi	
162c776ae835ffadd3c363c1c8c5306093510f8171e7284ab74b82a6030c21e5c299a839744746d78901d8504e4715aa737013a55fb48fbdeffefbbe50335a00	common_voice_vi_40891508.mp3	1893a515d752b7a6dc4e32c8c715770a38bdba2bb3011864d66e4398b6b56161	Động viên tinh thần cho em		0	0	twenties	female_feminine			vi	
162c776ae835ffadd3c363c1c8c5306093510f8171e7284ab74b82a6030c21e5c299a839744746d78901d8504e4715aa737013a55fb48fbdeffefbbe50335a00	common_voice_vi_40891509.mp3	282413f52e59227683ccec043a6ae50043e2b4d31c5f4c0b5ad79efcec5e669e	Sự gắn bó giữa hai người xa lạ		0	0	twenties	female_feminine			vi	
162c776ae835ffadd3c363c1c8c5306093510f8171e7284ab74b82a6030c21e5c299a839744746d78901d8504e4715aa737013a55fb48fbdeffefbbe50335a00	common_voice_vi_40891510.mp3	27a524c065eec0616848fca29746565b3270285364a701fac80aab2636e2682f	tiếng gọi lặp đi lặp lại, lúc gần lúc xa		0	0	twenties	female_feminine			vi	
162c776ae835ffadd3c363c1c8c5306093510f8171e7284ab74b82a6030c21e5c299a839744746d78901d8504e4715aa737013a55fb48fbdeffefbbe50335a00	common_voice_vi_40891511.mp3	2a393eea5f88ff7be3d2dd2c5428eb823d305cf2e2d2755d775f3d80228d0add	Mưa về phố nhỏ		0	0	twenties	female_feminine			vi	
162c776ae835ffadd3c363c1c8c5306093510f8171e7284ab74b82a6030c21e5c299a839744746d78901d8504e4715aa737013a55fb48fbdeffefbbe50335a00	common_voice_vi_40891512.mp3	2d17d4cd245cdd385594ff9394b6e97f3b17fc0d967811790efd8d4fc60906eb	Tháng mười ca khúc khải hoàn... Nhé em!		0	0	twenties	female_feminine			vi	
162c776ae835ffadd3c363c1c8c5306093510f8171e7284ab74b82a6030c21e5c299a839744746d78901d8504e4715aa737013a55fb48fbdeffefbbe50335a00	common_voice_vi_40891513.mp3	3eba53151434b00b5ae48b0d7a1610f36b9fcaaca89b75332fb0320cb486afec	tôi vẫn còn quá trẻ		0	0	twenties	female_feminine			vi	
162c776ae835ffadd3c363c1c8c5306093510f8171e7284ab74b82a6030c21e5c299a839744746d78901d8504e4715aa737013a55fb48fbdeffefbbe50335a00	common_voice_vi_40891514.mp3	00f3fcab8e18f8582b4755b213e7164546cc567e674e81460a451ea529400b85	Nhìn sang bên ấy một vầng trăng tươi.		0	0	twenties	female_feminine			vi	
162c776ae835ffadd3c363c1c8c5306093510f8171e7284ab74b82a6030c21e5c299a839744746d78901d8504e4715aa737013a55fb48fbdeffefbbe50335a00	common_voice_vi_40891520.mp3	02cf78c21144cf7be7c65be5123c2e9cbdfc79306d9dacc237569135316f7605	Đã trải qua gần hết cuộc đời		0	0	twenties	female_feminine			vi	
162c776ae835ffadd3c363c1c8c5306093510f8171e7284ab74b82a6030c21e5c299a839744746d78901d8504e4715aa737013a55fb48fbdeffefbbe50335a00	common_voice_vi_40891521.mp3	0042201ba24c521466d506f0414384b394bae6b9059d0374030a51d7a8fce43b	Thì sẽ không tìm được nó đâu nữa		0	0	twenties	female_feminine			vi	
162c776ae835ffadd3c363c1c8c5306093510f8171e7284ab74b82a6030c21e5c299a839744746d78901d8504e4715aa737013a55fb48fbdeffefbbe50335a00	common_voice_vi_40891522.mp3	330f3a3fd987e31f16b417581997aa37fceabfe387e474584782a7281244d758	Thấy Hà nhìn ngơ ngác Trinh liền hỏi		0	0	twenties	female_feminine			vi	
162c776ae835ffadd3c363c1c8c5306093510f8171e7284ab74b82a6030c21e5c299a839744746d78901d8504e4715aa737013a55fb48fbdeffefbbe50335a00	common_voice_vi_40891523.mp3	2311fb661597fb63f8202fa231f76b96666e790ae02dd8e2c03d2677d47e91b5	Trên đường đi có một cậu bạn nói		0	0	twenties	female_feminine			vi	
162c776ae835ffadd3c363c1c8c5306093510f8171e7284ab74b82a6030c21e5c299a839744746d78901d8504e4715aa737013a55fb48fbdeffefbbe50335a00	common_voice_vi_40891524.mp3	2f18c185e2bbf3783dbe28f793c9195e456a18d34e414f6efb60f8c185f92643	Không thể nào		0	0	twenties	female_feminine			vi	
162c776ae835ffadd3c363c1c8c5306093510f8171e7284ab74b82a6030c21e5c299a839744746d78901d8504e4715aa737013a55fb48fbdeffefbbe50335a00	common_voice_vi_40891525.mp3	07a6760a2d6ec591665e2b60d00b96f7ae61b1dc0a0ca6606af026e49488b225	Hôm nào em lỡ quá chén về tẩn nó		0	0	twenties	female_feminine			vi	
162c776ae835ffadd3c363c1c8c5306093510f8171e7284ab74b82a6030c21e5c299a839744746d78901d8504e4715aa737013a55fb48fbdeffefbbe50335a00	common_voice_vi_40891526.mp3	2d67b66e6713e3817566fd8900ddfb0bea56a5bcde1cbdc657141dae59c6a06b	Em mới nghe tiếng của bà đấy mà		1	0	twenties	female_feminine			vi	
162c776ae835ffadd3c363c1c8c5306093510f8171e7284ab74b82a6030c21e5c299a839744746d78901d8504e4715aa737013a55fb48fbdeffefbbe50335a00	common_voice_vi_40891527.mp3	27ed001795e84e784b7f70bbcfa76d2943de9130f782b953ef8917412b5a76c5	Phải chăng lá về rừng		0	0	twenties	female_feminine			vi	
162c776ae835ffadd3c363c1c8c5306093510f8171e7284ab74b82a6030c21e5c299a839744746d78901d8504e4715aa737013a55fb48fbdeffefbbe50335a00	common_voice_vi_40891528.mp3	3db8fd0c0a6fc7da6554938347ebbbb6ef810055101da481ee77f0f233c2deea	Đâu có còn khung trời nắng trong veo		0	0	twenties	female_feminine			vi	
162c776ae835ffadd3c363c1c8c5306093510f8171e7284ab74b82a6030c21e5c299a839744746d78901d8504e4715aa737013a55fb48fbdeffefbbe50335a00	common_voice_vi_40891529.mp3	3e60835b82122fb611ab797d0e997f1340c35d1f36a506c9b2d0bba995d6b85d	Mày còn không biết		0	0	twenties	female_feminine			vi	
5e44948fc38b00218930b39bc2f1ff4fe97f8100223818d1b61b916151c7bb5450cd3555a74b75c9c61dcc751cec5920dfcfc9c2753255b102867c35fa63f85e	common_voice_vi_41035914.mp3	3859c0a510c5c913c4350b38646493913f73d0cd83caa77283c208dc9b025bae	Cùng nhau dệt mộng tình trường ước mơ.		0	0					vi	
5e44948fc38b00218930b39bc2f1ff4fe97f8100223818d1b61b916151c7bb5450cd3555a74b75c9c61dcc751cec5920dfcfc9c2753255b102867c35fa63f85e	common_voice_vi_41035915.mp3	370138741b4ca7d23b03b33e5587bb2efc1e405d7b88109a016a42e7ba71eb7b	và nhất quyết không thưa		0	0					vi	
5e44948fc38b00218930b39bc2f1ff4fe97f8100223818d1b61b916151c7bb5450cd3555a74b75c9c61dcc751cec5920dfcfc9c2753255b102867c35fa63f85e	common_voice_vi_41035916.mp3	1957887f9459cab267c9b6a58f17001d13c20bc8b8ea446e8152c7877b9dbde4	bàn chân nào ở lại		0	0					vi	
5e44948fc38b00218930b39bc2f1ff4fe97f8100223818d1b61b916151c7bb5450cd3555a74b75c9c61dcc751cec5920dfcfc9c2753255b102867c35fa63f85e	common_voice_vi_41035917.mp3	1223c6f041268baeabdb95b6151c621030f5743b81e778d7df51a466ee3e015f	Coi kìa cậu ấy tỉnh táo lại như thường rồi đó		0	0					vi	
5e44948fc38b00218930b39bc2f1ff4fe97f8100223818d1b61b916151c7bb5450cd3555a74b75c9c61dcc751cec5920dfcfc9c2753255b102867c35fa63f85e	common_voice_vi_41035918.mp3	2b9e9fda6528862293b45f5de5476f0878c367fd5692a5cc3a493ce32a2b8a48	Tôi cũng biết là chuyện này rất khó tin		0	0					vi	
59cc9a586c1cc814233d96a462b42b1d61e97a592b3b00dbb0dc4b1fba3ef44a52797280f635a8b5a4b52b3b62fb320f163f4fa3af58fd15457955ac1b59a16f	common_voice_vi_41064418.mp3	3ec2d1f8eebb35053293ffe2ac89b05ae975caab39c001223bd5d73848b6e952	Chẳng lẽ lại hiệu nghiệm như vậy sao		0	0	twenties				vi	
59cc9a586c1cc814233d96a462b42b1d61e97a592b3b00dbb0dc4b1fba3ef44a52797280f635a8b5a4b52b3b62fb320f163f4fa3af58fd15457955ac1b59a16f	common_voice_vi_41064419.mp3	152447480c025d9a06dd4959ebb47f346e9fe7a0b927962736b43ee7230ec7e5	Không không không sao đâu		0	0	twenties				vi	
59cc9a586c1cc814233d96a462b42b1d61e97a592b3b00dbb0dc4b1fba3ef44a52797280f635a8b5a4b52b3b62fb320f163f4fa3af58fd15457955ac1b59a16f	common_voice_vi_41064420.mp3	3baf21e9492368d71747aaa251443024ae4f9ef1a5f8fd429d8e7cb7af3aa69a	Tôi nào dám hỏi		0	0	twenties				vi	
59cc9a586c1cc814233d96a462b42b1d61e97a592b3b00dbb0dc4b1fba3ef44a52797280f635a8b5a4b52b3b62fb320f163f4fa3af58fd15457955ac1b59a16f	common_voice_vi_41064421.mp3	3d1238d993357a73e21b2dc2ecdf86cd97bf2251e8c8855e5d8f0765c10c4b59	Trinh mở phòng cho Hà đi vào rồi nói		0	0	twenties				vi	
59cc9a586c1cc814233d96a462b42b1d61e97a592b3b00dbb0dc4b1fba3ef44a52797280f635a8b5a4b52b3b62fb320f163f4fa3af58fd15457955ac1b59a16f	common_voice_vi_41064422.mp3	28614c90720044fd3c16d50087ffba3f121a083091a7e16af9a2ab6af77346c0	Họ sẽ ở nhà tiếp khách		0	0	twenties				vi	
59cc9a586c1cc814233d96a462b42b1d61e97a592b3b00dbb0dc4b1fba3ef44a52797280f635a8b5a4b52b3b62fb320f163f4fa3af58fd15457955ac1b59a16f	common_voice_vi_41064425.mp3	28f21082588826990ae40df55f73b65ab6171be74ea0fd555709e23e27e525a3	sát thủ		0	0	twenties				vi	
59cc9a586c1cc814233d96a462b42b1d61e97a592b3b00dbb0dc4b1fba3ef44a52797280f635a8b5a4b52b3b62fb320f163f4fa3af58fd15457955ac1b59a16f	common_voice_vi_41064426.mp3	2784244ae9d2d50da2216e0088caaa999a7e30340f5640f009c35834eeeb339b	Bơi ra tới biển		0	0	twenties				vi	
59cc9a586c1cc814233d96a462b42b1d61e97a592b3b00dbb0dc4b1fba3ef44a52797280f635a8b5a4b52b3b62fb320f163f4fa3af58fd15457955ac1b59a16f	common_voice_vi_41064427.mp3	3cecafa92215415bf3b8def36f1f40dd88884fc575f0b209b7d5c44de26b705d	Em vẫn biết đấy là điều đã cũ		0	0	twenties				vi	
59cc9a586c1cc814233d96a462b42b1d61e97a592b3b00dbb0dc4b1fba3ef44a52797280f635a8b5a4b52b3b62fb320f163f4fa3af58fd15457955ac1b59a16f	common_voice_vi_41064428.mp3	30e9d1cd1f6ecb14557701da77be64718b8a94fc50c4f2613855589f765651dc	Bà ta không phải là người xấu		0	0	twenties				vi	
59cc9a586c1cc814233d96a462b42b1d61e97a592b3b00dbb0dc4b1fba3ef44a52797280f635a8b5a4b52b3b62fb320f163f4fa3af58fd15457955ac1b59a16f	common_voice_vi_41064429.mp3	006a87bb4d9c9a841cf08de0968cc2864813f1cda4f50c6755ab87d7779ef41f	Ráng mỡ gà có nhà thì chống.		0	0	twenties				vi	
8146adaabe30149b80a1d4f1f3aa19c4993a0996c75a08aa7638134047c4c88bb6e6998ada10b9368c5ea7bb790a01cf000b64a36a69cc69c95ea9242619cafb	common_voice_vi_41108343.mp3	295882997b179301906843ba96580ebf91250244349ad808703475b1df6ae4d4	Nhưng mà thông thường phải sau bốn mươi chín ngày		0	0					vi	
8146adaabe30149b80a1d4f1f3aa19c4993a0996c75a08aa7638134047c4c88bb6e6998ada10b9368c5ea7bb790a01cf000b64a36a69cc69c95ea9242619cafb	common_voice_vi_41108344.mp3	3d9f77ad331ed45aaecd7d534d5a9acbdc727b656ef905e2a0e0becfc96487d7	Trao hi vọng ta dệt câu thơ, nhạc...		0	0					vi	
8146adaabe30149b80a1d4f1f3aa19c4993a0996c75a08aa7638134047c4c88bb6e6998ada10b9368c5ea7bb790a01cf000b64a36a69cc69c95ea9242619cafb	common_voice_vi_41108345.mp3	37fc05589a97a45afde13946376eab310cac8cdb29d10d9e7ddbd3582177b34e	Giấc mơ không đến tình mê thuở nào		0	0					vi	
8146adaabe30149b80a1d4f1f3aa19c4993a0996c75a08aa7638134047c4c88bb6e6998ada10b9368c5ea7bb790a01cf000b64a36a69cc69c95ea9242619cafb	common_voice_vi_41108346.mp3	3b9be0459d84c4874382e5be781d9bd476a0ad966653ed90ceff52cf9855d600	thảo bảo là ông nội nó có nói tướng chết yểu		0	0					vi	
8146adaabe30149b80a1d4f1f3aa19c4993a0996c75a08aa7638134047c4c88bb6e6998ada10b9368c5ea7bb790a01cf000b64a36a69cc69c95ea9242619cafb	common_voice_vi_41108347.mp3	a58556a3d76cd0a4614d715fa6e1f0b64035abedf32d88ebc726b46b1200b280	Chào nhau nụ ấm hơi người		0	0					vi	
dbd7fde3f84c6310deba19e81ca554cdd5473f84409c12768aca780e15c10c827e7828f43c1d44374b9c0c298678b3f5dc0f3d855ac9d121e23f92e708c0c032	common_voice_vi_41130001.mp3	2df6873b8762b896eadbca2fdccf3c37d4f61adc22415e6d7b51506b30b02174	Thu vội vã nhặt gom từng hạt nắng		0	0					vi	
dbd7fde3f84c6310deba19e81ca554cdd5473f84409c12768aca780e15c10c827e7828f43c1d44374b9c0c298678b3f5dc0f3d855ac9d121e23f92e708c0c032	common_voice_vi_41130002.mp3	36f6e75a2ae48a676e86bd1023df6bb7a71d5e08dbe08ebb48cdeca83829fca0	Quỷ con quỷ là sao		0	0					vi	
dbd7fde3f84c6310deba19e81ca554cdd5473f84409c12768aca780e15c10c827e7828f43c1d44374b9c0c298678b3f5dc0f3d855ac9d121e23f92e708c0c032	common_voice_vi_41130003.mp3	013fd6d953fc1eb7297102c5b1510ae1fe6241a4b755c2029d6a3b4602b3183d	Không giấu gì ông		0	0					vi	
dbd7fde3f84c6310deba19e81ca554cdd5473f84409c12768aca780e15c10c827e7828f43c1d44374b9c0c298678b3f5dc0f3d855ac9d121e23f92e708c0c032	common_voice_vi_41130004.mp3	2eb7788b304f514f558e181c145a9d7c85c77614443c4f7675c181e080fbeaba	các người định buôn thần bán Thánh		0	0					vi	
dbd7fde3f84c6310deba19e81ca554cdd5473f84409c12768aca780e15c10c827e7828f43c1d44374b9c0c298678b3f5dc0f3d855ac9d121e23f92e708c0c032	common_voice_vi_41130005.mp3	3c27b443e50890a878ac1e4e1904d478cb48193849397419d707fa3886593955	Nhưng cũng chưa vội đứng dậy		0	0					vi	
79b22f40ec5896ebdd60dc05bc5d4a1c865deb5fb73d42f0c81c06754ee7249178975ec67febee28cf94d079d21375baec77b3402c3f053fa6571b2f5bf5bb56	common_voice_vi_41197352.mp3	3ec637aa6f384e168eeac6b34a5fd635141fd481bd86ae2496d88bb091d85c9d	Chẳng lẽ phải cả kumanthong		0	0					vi	
79b22f40ec5896ebdd60dc05bc5d4a1c865deb5fb73d42f0c81c06754ee7249178975ec67febee28cf94d079d21375baec77b3402c3f053fa6571b2f5bf5bb56	common_voice_vi_41197353.mp3	04500af614659c281d5cb4fe305d5ea57ce5185bfd180ca9b16743f2a773df7a	Trước khi đi ra khỏi cửa Trinh có nghe bác sĩ nói		0	0					vi	
79b22f40ec5896ebdd60dc05bc5d4a1c865deb5fb73d42f0c81c06754ee7249178975ec67febee28cf94d079d21375baec77b3402c3f053fa6571b2f5bf5bb56	common_voice_vi_41197354.mp3	003a2738031de23d8cb8812263e857d4a13c8d3dbecaa1c35fb936fc674fc29e	Nhất thì, nhì thục		0	0					vi	
79b22f40ec5896ebdd60dc05bc5d4a1c865deb5fb73d42f0c81c06754ee7249178975ec67febee28cf94d079d21375baec77b3402c3f053fa6571b2f5bf5bb56	common_voice_vi_41197355.mp3	282c63ea95d2eb0a5dee90bbf5aa8cffec560d0920e7d862f01926df26e9c873	xem vong của thảo hợp ai thì sẽ nhập vào người đó		0	0					vi	
79b22f40ec5896ebdd60dc05bc5d4a1c865deb5fb73d42f0c81c06754ee7249178975ec67febee28cf94d079d21375baec77b3402c3f053fa6571b2f5bf5bb56	common_voice_vi_41197356.mp3	32b81771feb00d4b328c1b7322e149f14bc856e016b2adb55f2f52d8b2ca5b15	Tháng mười đã đến rồi ư		0	0					vi	
dbf1f2b1e7c4b1e80b35e6e32101fa10215ac65e548d87040188646a66b03164c079b98b37a2e137a79198fe57644463e44fef374aae7173cc534eb81eaef4f4	common_voice_vi_41197357.mp3	351bd66a1f04322be61cc28cdf01cb264d2325d2890ae6529e0d943b605e4ee5	Ngỡ đang ở lớp		0	0					vi	
dbf1f2b1e7c4b1e80b35e6e32101fa10215ac65e548d87040188646a66b03164c079b98b37a2e137a79198fe57644463e44fef374aae7173cc534eb81eaef4f4	common_voice_vi_41197358.mp3	222b71d71aaaecdcd0982d114099b65e6d3c5515e9c719cefcee2bbf8ed259ef	"Ăn nữa đi con		0	0					vi	
dbf1f2b1e7c4b1e80b35e6e32101fa10215ac65e548d87040188646a66b03164c079b98b37a2e137a79198fe57644463e44fef374aae7173cc534eb81eaef4f4	common_voice_vi_41197359.mp3	1bbc3eb8681e94f4f14af6551c2e634e7ad7edd1958194eadcfa7e489cb1a5d4	Ngày ấy vào mùa thu		0	0					vi	
dbf1f2b1e7c4b1e80b35e6e32101fa10215ac65e548d87040188646a66b03164c079b98b37a2e137a79198fe57644463e44fef374aae7173cc534eb81eaef4f4	common_voice_vi_41197360.mp3	00c36dfd24860c028772376e9f8bbfb9b344bc411799ecd18a9a55b91dd81214	Sớm hôm tần tảo cấy cày đồng sâu		0	0					vi	
dbf1f2b1e7c4b1e80b35e6e32101fa10215ac65e548d87040188646a66b03164c079b98b37a2e137a79198fe57644463e44fef374aae7173cc534eb81eaef4f4	common_voice_vi_41197361.mp3	3cde0fbd6405a4b5252b27d59ea06028cc03c43b4634a7551fd2178f580abf01	Có ma ghé thì có		0	0					vi	
dbf1f2b1e7c4b1e80b35e6e32101fa10215ac65e548d87040188646a66b03164c079b98b37a2e137a79198fe57644463e44fef374aae7173cc534eb81eaef4f4	common_voice_vi_41197362.mp3	2cab5d1531aa9dc710e2fc861fad3aff84f641784b01a18e46fc80c6737fd21f	thầy bảo là có cái chuyện gì đâu		0	0					vi	
dbf1f2b1e7c4b1e80b35e6e32101fa10215ac65e548d87040188646a66b03164c079b98b37a2e137a79198fe57644463e44fef374aae7173cc534eb81eaef4f4	common_voice_vi_41197363.mp3	3894f6663b4633847dcb3859f6853f01e3c9b9da2efc9b6bfbea4d35e79634dd	Anh chàng lái xe do vậy không thể nói tiếp điều đang muốn nói		0	0					vi	
dbf1f2b1e7c4b1e80b35e6e32101fa10215ac65e548d87040188646a66b03164c079b98b37a2e137a79198fe57644463e44fef374aae7173cc534eb81eaef4f4	common_voice_vi_41197364.mp3	0ea982c1dca7c1432f3e2e173cd95a38f2b56bc91085a9419d3ed7d3bcaf480d	sau đó mệt sẽ ngủ một giấc thật sâu		0	0					vi	
dbf1f2b1e7c4b1e80b35e6e32101fa10215ac65e548d87040188646a66b03164c079b98b37a2e137a79198fe57644463e44fef374aae7173cc534eb81eaef4f4	common_voice_vi_41197365.mp3	3c6e5001a28dc20200b88bb5b43c4074bd012b5288d5eec7fe1a029555709494	Là Hà đã thấy ngôi nhà này có gì đó không ổn		0	0					vi	
dbf1f2b1e7c4b1e80b35e6e32101fa10215ac65e548d87040188646a66b03164c079b98b37a2e137a79198fe57644463e44fef374aae7173cc534eb81eaef4f4	common_voice_vi_41197366.mp3	2b32cab04086618ef240219a4d0bec88aa1b934d60a5e284081fcf491f0e81db	bà ấy vác cái bao đi thẳng vào bên trong và nói		0	0					vi	
dbf1f2b1e7c4b1e80b35e6e32101fa10215ac65e548d87040188646a66b03164c079b98b37a2e137a79198fe57644463e44fef374aae7173cc534eb81eaef4f4	common_voice_vi_41197367.mp3	326053a4f08c988681f905f3bbfa601efe1269177c71c1545bc5fe482401ca66	Em nhắm mắt lại không dám mở ra nhìn		0	0					vi	
dbf1f2b1e7c4b1e80b35e6e32101fa10215ac65e548d87040188646a66b03164c079b98b37a2e137a79198fe57644463e44fef374aae7173cc534eb81eaef4f4	common_voice_vi_41197368.mp3	19f47aa329ae0a47c99bb7300134bcb4d9b3e932f692fb512bc3ec2e2191cb60	Thì chiếc xe tải cho anh tới đây		0	0					vi	
dbf1f2b1e7c4b1e80b35e6e32101fa10215ac65e548d87040188646a66b03164c079b98b37a2e137a79198fe57644463e44fef374aae7173cc534eb81eaef4f4	common_voice_vi_41197369.mp3	000648f59d84997819f60d7c0757d6e59d273fa87f19f151581ab39f289919dd	tôi hay đi làm muộn		0	0					vi	
dbf1f2b1e7c4b1e80b35e6e32101fa10215ac65e548d87040188646a66b03164c079b98b37a2e137a79198fe57644463e44fef374aae7173cc534eb81eaef4f4	common_voice_vi_41197370.mp3	39a8bbfb8e1fe78180e0adf9eec1f87cc272d86c2b340f20480c800aa358eaa8	Nặng trĩu âu lo		0	0					vi	
dbf1f2b1e7c4b1e80b35e6e32101fa10215ac65e548d87040188646a66b03164c079b98b37a2e137a79198fe57644463e44fef374aae7173cc534eb81eaef4f4	common_voice_vi_41197371.mp3	378d55d5af47ed4e1ee72d6cbc0da0f3587b5cc68c7a3fd0d198c9780f3b517f	Trong nước		0	0					vi	
